Name,Gender,Company,Email,Phone,Age,Mixed Date,Long Date
Sandoval Mclean,male,Zolavo,sandovalmclean@zolavo.com,+1 (902) 569-2412,30,8/20/19,"August 20, 2019"
Nieves Mack,male,Oulu,nievesmack@oulu.com,+1 (812) 535-2614,22,8/21/19,"August 21, 2019"
Terry Clay,female,Freakin' Kool,terryclay@freakin.com,+1 (965) 462-3681,20,8/22/19,"August 22, 2019"
Bishop Carr,male,Digirang,bishopcarr@digirang.com,+1 (860) 463-2942,21,8/23/19,"August 23, 2019"
Hatfield Hudson,male,Quonata,hatfieldhudson@quonata.com,+1 (981) 476-2966,33,8/24/19,"August 24, 2019"
Madge Wilkerson,female,Mixers,madgewilkerson@mixers.com,+1 (947) 551-2199,29,8/25/19,"August 25, 2019"
Harrell Gaines,male,Namebox,harrellgaines@namebox.com,+1 (902) 410-2375,30,8/26/19,"August 26, 2019"
Christensen Wall,male,Elentrix,christensenwall@elentrix.com,+1 (985) 594-3954,23,8/27/19,"August 27, 2019"
Solomon Flowers,male,Bizmatic,solomonflowers@bizmatic.com,+1 (815) 587-2364,40,8/28/19,"August 28, 2019"
Flossie Davidson,female,Marketoid,flossiedavidson@marketoid.com,+1 (831) 464-3405,36,8/29/19,"August 29, 2019"
Rodriquez Kent,male,Telpod,rodriquezkent@telpod.com,+1 (918) 489-2703,28,8/30/19,"August 30, 2019"
Lawson Meyer,male,Fuel · works,lawsonmeyer@fuelworks.com,+1 (812) 451-2916,38,8/31/19,"August 31, 2019"
Cheryl Mueller,female,Hotcakes,cherylmueller@hotcakes.com,+1 (943) 425-3326,26,9/1/19,"September 1, 2019"
Marci Gill,female,Pawnagra,marcigill@pawnagra.com,+1 (971) 515-3892,28,9/2/19,"September 2, 2019"
Kelly Roy,female,Aquazure,kellyroy@aquazure.com,+1 (893) 541-3485,28,8/20/19,"August 20, 2019"
Sparks Berger,male,Squish,sparksberger@squish.com,+1 (813) 469-3191,31,8/21/19,"August 21, 2019"
Annie Orr,female,Lunchpod,annieorr@lunchpod.com,+1 (805) 533-2734,21,8/22/19,"August 22, 2019"
Carissa Bender,female,Pearlessa,carissabender@pearlessa.com,+1 (828) 447-2266,20,8/23/19,"August 23, 2019"
Michelle Huffman,female,Aquasseur,michellehuffman@aquasseur.com,+1 (809) 470-2888,24,8/24/19,"August 24, 2019"
Caroline Kirkland,female,Boilicon,carolinekirkland@boilicon.com,+1 (941) 521-3591,32,8/25/19,"August 25, 2019"
Mcclain Pope,male,Zork,mcclainpope@zork.com,+1 (832) 490-3175,22,8/26/19,"August 26, 2019"
Gladys Rivas,female,Repetwire,gladysrivas@repetwire.com,+1 (959) 453-2419,25,8/27/19,"August 27, 2019"
Pickett Britt,male,Filodyne,pickettbritt@filodyne.com,+1 (935) 509-2267,39,8/28/19,"August 28, 2019"
Ann Carrillo,female,Nimon,anncarrillo@nimon.com,+1 (852) 577-3425,34,8/29/19,"August 29, 2019"
Glover Shaffer,male,Aeora,glovershaffer@aeora.com,+1 (861) 600-2289,20,8/30/19,"August 30, 2019"
Avery Adams,male,Bolax,averyadams@bolax.com,+1 (833) 568-3176,28,8/31/19,"August 31, 2019"
Whitley Maddox,male,Quailcom,whitleymaddox@quailcom.com,+1 (802) 570-2659,27,9/1/19,"September 1, 2019"
Harris Cain,male,Dancity,harriscain@dancity.com,+1 (894) 491-2850,37,9/2/19,"September 2, 2019"
Ramos Garner,male,Kyaguru,ramosgarner@kyaguru.com,+1 (955) 474-2021,49,8/20/19,"August 20, 2019"
Hanson Cooke,male,Baluba,hansoncooke@baluba.com,+1 (911) 401-2909,39,8/21/19,"August 21, 2019"
Flora Perry,female,Jimbies,floraperry@jimbies.com,+1 (865) 537-2581,33,8/22/19,"August 22, 2019"
Laura Luna,female,Eclipsent,lauraluna@eclipsent.com,+1 (940) 595-2216,32,8/23/19,"August 23, 2019"
Singleton Lowery,male,Isologica,singletonlowery@isologica.com,+1 (994) 418-2085,29,8/24/19,"August 24, 2019"
Tillman Carson,male,Comcubine,tillmancarson@comcubine.com,+1 (827) 522-2239,25,8/25/19,"August 25, 2019"
Francis Deleon,female,Ebidco,francisdeleon@ebidco.com,+1 (846) 453-2087,25,8/26/19,"August 26, 2019"
Alston Lloyd,male,Menbrain,alstonlloyd@menbrain.com,+1 (886) 518-3247,31,8/27/19,"August 27, 2019"
Susana Dejesus,female,Nixelt,susanadejesus@nixelt.com,+1 (938) 550-3084,24,8/28/19,"August 28, 2019"
Melanie Butler,female,Satiance,melaniebutler@satiance.com,+1 (896) 486-3851,29,8/29/19,"August 29, 2019"
Kathy Knowles,female,Bunga,kathyknowles@bunga.com,+1 (833) 547-2147,21,8/30/19,"August 30, 2019"
Haley Case,female,Eventix,haleycase@eventix.com,+1 (814) 466-3133,26,8/31/19,"August 31, 2019"
Knapp Singleton,male,Kaggle,knappsingleton@kaggle.com,+1 (977) 417-3304,26,9/1/19,"September 1, 2019"
Lindsay Reilly,male,Nurplex,lindsayreilly@nurplex.com,+1 (831) 568-3942,29,9/2/19,"September 2, 2019"
Snyder Snider,male,Maximind,snydersnider@maximind.com,+1 (944) 470-2621,21,8/20/19,"August 20, 2019"
Flores Rowe,male,Digigen,floresrowe@digigen.com,+1 (817) 456-3028,34,8/21/19,"August 21, 2019"
Haynes Woodward,male,Flumbo,hayneswoodward@flumbo.com,+1 (805) 573-3161,24,8/22/19,"August 22, 2019"
Morgan Sanford,female,Darwinium,morgansanford@darwinium.com,+1 (894) 444-2551,26,8/23/19,"August 23, 2019"
Gregory Reese,male,Anacho,gregoryreese@anacho.com,+1 (939) 559-2659,31,8/24/19,"August 24, 2019"
Gail Hammond,female,Elemantra,gailhammond@elemantra.com,+1 (844) 439-2713,36,8/25/19,"August 25, 2019"
Marquita Witt,female,Xumonk,marquitawitt@xumonk.com,+1 (914) 591-2928,35,8/26/19,"August 26, 2019"
Rosemarie Norton,female,Translink,rosemarienorton@translink.com,+1 (989) 575-3632,31,8/27/19,"August 27, 2019"
Guerrero Lopez,male,Techmania,guerrerolopez@techmania.com,+1 (894) 408-2426,22,8/28/19,"August 28, 2019"
Morse Mendoza,male,Eyewax,morsemendoza@eyewax.com,+1 (881) 412-2829,30,8/29/19,"August 29, 2019"
Bernadette Dorsey,female,Zentia,bernadettedorsey@zentia.com,+1 (926) 599-2987,21,8/30/19,"August 30, 2019"
Valencia Poole,male,Geekola,valenciapoole@geekola.com,+1 (824) 562-2593,38,8/31/19,"August 31, 2019"
Santiago Thornton,male,Aeora,santiagothornton@aeora.com,+1 (928) 405-3248,36,9/1/19,"September 1, 2019"
Ursula Velez,female,Veraq,ursulavelez@veraq.com,+1 (887) 450-3179,25,9/2/19,"September 2, 2019"
Kelley Carlson,female,Norsup,kelleycarlson@norsup.com,+1 (908) 437-3943,22,8/20/19,"August 20, 2019"
Twila Davenport,female,Teraprene,twiladavenport@teraprene.com,+1 (997) 523-2336,34,8/21/19,"August 21, 2019"
Eunice Mcgowan,female,Podunk,eunicemcgowan@podunk.com,+1 (961) 557-3704,36,8/22/19,"August 22, 2019"
Martinez Ferrell,male,Cipromox,martinezferrell@cipromox.com,+1 (957) 434-2527,25,8/23/19,"August 23, 2019"
Georgina Stanton,female,Tropolis,georginastanton@tropolis.com,+1 (847) 434-2483,33,8/24/19,"August 24, 2019"
Lenore Sargent,female,Aquacine,lenoresargent@aquacine.com,+1 (903) 593-3818,34,8/25/19,"August 25, 2019"
Jan Guzman,female,Zytrac,janguzman@zytrac.com,+1 (809) 585-2088,28,8/26/19,"August 26, 2019"
Larsen Ortiz,male,Furnitech,larsenortiz@furnitech.com,+1 (868) 421-2159,27,8/27/19,"August 27, 2019"
Traci Hobbs,female,Prosely,tracihobbs@prosely.com,+1 (857) 551-3765,36,8/28/19,"August 28, 2019"
Phyllis Kidd,female,Turnabout,phylliskidd@turnabout.com,+1 (962) 497-2199,34,8/29/19,"August 29, 2019"
Kellie Collins,female,Kangle,kelliecollins@kangle.com,+1 (886) 594-2104,31,8/30/19,"August 30, 2019"
Lynne Lane,female,Zogak,lynnelane@zogak.com,+1 (927) 486-2424,36,8/31/19,"August 31, 2019"
Daisy Hamilton,female,Pulze,daisyhamilton@pulze.com,+1 (943) 496-2065,27,9/1/19,"September 1, 2019"
Lambert Berger,male,Zillatide,lambertberger@zillatide.com,+1 (880) 445-3824,25,9/2/19,"September 2, 2019"
Mabel Clayton,female,Concility,mabelclayton@concility.com,+1 (984) 546-3693,29,8/20/19,"August 20, 2019"
Gardner Morin,male,Letpro,gardnermorin@letpro.com,+1 (892) 527-2742,39,8/21/19,"August 21, 2019"
Ortega Farley,male,Myopium,ortegafarley@myopium.com,+1 (801) 475-2264,34,8/22/19,"August 22, 2019"
Byers Rosa,male,Rameon,byersrosa@rameon.com,+1 (868) 445-3783,39,8/23/19,"August 23, 2019"
Jodi Shepherd,female,Turnling,jodishepherd@turnling.com,+1 (853) 488-2483,20,8/24/19,"August 24, 2019"
Carissa Tyson,female,Telpod,carissatyson@telpod.com,+1 (838) 503-2367,39,8/25/19,"August 25, 2019"
Chris Mueller,female,Polarium,chrismueller@polarium.com,+1 (809) 508-3542,40,8/26/19,"August 26, 2019"
Nadia Mcmillan,female,Corporana,nadiamcmillan@corporana.com,+1 (937) 436-2847,38,8/27/19,"August 27, 2019"
Laurie Stevenson,female,Prowaste,lauriestevenson@prowaste.com,+1 (984) 462-2558,31,8/28/19,"August 28, 2019"
Sandoval Camacho,male,Minga,sandovalcamacho@minga.com,+1 (887) 572-2967,40,8/29/19,"August 29, 2019"
Frederick Gallagher,male,Lexicondo,frederickgallagher@lexicondo.com,+1 (887) 593-3128,36,8/30/19,"August 30, 2019"
Walls Randall,male,Zentry,wallsrandall@zentry.com,+1 (936) 468-3531,20,8/31/19,"August 31, 2019"
Floyd Calderon,male,Zosis,floydcalderon@zosis.com,+1 (995) 447-2915,35,9/1/19,"September 1, 2019"
Stephens Yates,male,Zidant,stephensyates@zidant.com,+1 (958) 572-2803,35,9/2/19,"September 2, 2019"
Leigh Durham,female,Nspire,leighdurham@nspire.com,+1 (828) 476-2193,29,8/20/19,"August 20, 2019"
Odonnell Frank,male,Stucco,odonnellfrank@stucco.com,+1 (870) 436-3125,27,8/21/19,"August 21, 2019"
Ingram Blackburn,male,Lovepad,ingramblackburn@lovepad.com,+1 (842) 463-2719,30,8/22/19,"August 22, 2019"
Ford Daniel,male,Isoplex,forddaniel@isoplex.com,+1 (963) 427-2643,29,8/23/19,"August 23, 2019"
Hampton Johnston,male,Inear,hamptonjohnston@inear.com,+1 (904) 596-3756,38,8/24/19,"August 24, 2019"
Margie Henry,female,Orbixtar,margiehenry@orbixtar.com,+1 (865) 516-3581,35,8/25/19,"August 25, 2019"
Knight Peck,male,Immunics,knightpeck@immunics.com,+1 (950) 428-2460,29,8/26/19,"August 26, 2019"
Chelsea Brewer,female,Kozgene,chelseabrewer@kozgene.com,+1 (891) 573-3046,32,8/27/19,"August 27, 2019"
Roth Clay,male,Kog,rothclay@kog.com,+1 (854) 488-2889,23,8/28/19,"August 28, 2019"
Valenzuela Ruiz,male,Isotronic,valenzuelaruiz@isotronic.com,+1 (834) 422-2961,35,8/29/19,"August 29, 2019"
Caroline Snow,female,Zomboid,carolinesnow@zomboid.com,+1 (839) 579-2471,21,8/30/19,"August 30, 2019"
Roberson Bush,male,Exosis,robersonbush@exosis.com,+1 (933) 443-2362,25,8/31/19,"August 31, 2019"
Good Mcmahon,male,Sybixtex,goodmcmahon@sybixtex.com,+1 (846) 499-3909,32,9/1/19,"September 1, 2019"
Betsy Jarvis,female,Slumberia,betsyjarvis@slumberia.com,+1 (976) 470-2848,20,9/2/19,"September 2, 2019"
Alba Welch,female,Intrawear,albawelch@intrawear.com,+1 (879) 434-2225,39,8/20/19,"August 20, 2019"
Moon Woods,male,Tersanki,moonwoods@tersanki.com,+1 (811) 444-2648,35,8/21/19,"August 21, 2019"
Bender Jefferson,male,Applideck,benderjefferson@applideck.com,+1 (991) 523-2602,27,8/22/19,"August 22, 2019"
Catherine Ryan,female,Quilch,catherineryan@quilch.com,+1 (811) 462-3486,26,8/23/19,"August 23, 2019"
Richardson Blake,male,Otherside,richardsonblake@otherside.com,+1 (838) 409-2825,31,8/24/19,"August 24, 2019"
Decker Nieves,male,Solgan,deckernieves@solgan.com,+1 (998) 571-2537,23,8/25/19,"August 25, 2019"
Harris Glenn,male,Cuizine,harrisglenn@cuizine.com,+1 (976) 461-2189,33,8/26/19,"August 26, 2019"
Mcmillan Pace,male,Enersave,mcmillanpace@enersave.com,+1 (847) 505-2306,24,8/27/19,"August 27, 2019"
Neva Berg,female,Talkalot,nevaberg@talkalot.com,+1 (871) 485-2567,23,8/28/19,"August 28, 2019"
Jensen Moody,male,Xsports,jensenmoody@xsports.com,+1 (895) 568-2376,23,8/29/19,"August 29, 2019"
Robles Sexton,male,Kindaloo,roblessexton@kindaloo.com,+1 (930) 553-2016,32,8/30/19,"August 30, 2019"
York Talley,male,Terrago,yorktalley@terrago.com,+1 (994) 507-3967,21,8/31/19,"August 31, 2019"
Gamble Hudson,male,Gushkool,gamblehudson@gushkool.com,+1 (919) 424-3914,22,9/1/19,"September 1, 2019"
Lisa Mays,female,Callflex,lisamays@callflex.com,+1 (978) 564-2786,37,9/2/19,"September 2, 2019"
Keller Warren,male,Amtas,kellerwarren@amtas.com,+1 (871) 592-3511,29,8/20/19,"August 20, 2019"
Margie Kelly,female,Digirang,margiekelly@digirang.com,+1 (980) 450-2085,29,8/21/19,"August 21, 2019"
Frost Maldonado,male,Xplor,frostmaldonado@xplor.com,+1 (951) 468-2805,32,8/22/19,"August 22, 2019"
Shelton Collier,male,Accusage,sheltoncollier@accusage.com,+1 (863) 416-3835,30,8/23/19,"August 23, 2019"
Robin Wynn,female,Zytrax,robinwynn@zytrax.com,+1 (983) 499-3723,20,8/24/19,"August 24, 2019"
Parrish Douglas,male,Gynk,parrishdouglas@gynk.com,+1 (809) 589-3992,30,8/25/19,"August 25, 2019"
Summers Cooley,male,Insuresys,summerscooley@insuresys.com,+1 (919) 535-2065,20,8/26/19,"August 26, 2019"
Alyssa Glass,female,Oceanica,alyssaglass@oceanica.com,+1 (948) 460-2458,33,8/27/19,"August 27, 2019"
Sheree Fisher,female,Valreda,shereefisher@valreda.com,+1 (853) 565-3536,28,8/28/19,"August 28, 2019"
Karyn Holden,female,Zolavo,karynholden@zolavo.com,+1 (805) 542-3355,33,8/29/19,"August 29, 2019"
Lucas Gray,male,Centuria,lucasgray@centuria.com,+1 (897) 538-3001,32,8/30/19,"August 30, 2019"
Letitia Alexander,female,Gogol,letitiaalexander@gogol.com,+1 (917) 494-3484,25,8/31/19,"August 31, 2019"
Rowena Campbell,female,Petigems,rowenacampbell@petigems.com,+1 (819) 475-2084,38,9/1/19,"September 1, 2019"
Roberta Nixon,female,Grupoli,robertanixon@grupoli.com,+1 (915) 570-3334,26,9/2/19,"September 2, 2019"
Flynn Carver,male,Koogle,flynncarver@koogle.com,+1 (986) 490-2718,27,8/20/19,"August 20, 2019"
Mack Cherry,male,Anocha,mackcherry@anocha.com,+1 (951) 545-2171,29,8/21/19,"August 21, 2019"
Browning Curtis,male,Duflex,browningcurtis@duflex.com,+1 (855) 435-2488,35,8/22/19,"August 22, 2019"
Frank Huber,male,Medmex,frankhuber@medmex.com,+1 (917) 403-3466,28,8/23/19,"August 23, 2019"
Clements Olson,male,Kinetica,clementsolson@kinetica.com,+1 (959) 457-3845,25,8/24/19,"August 24, 2019"
Hallie Schneider,female,Kineticut,hallieschneider@kineticut.com,+1 (864) 437-3755,20,8/25/19,"August 25, 2019"
Jacquelyn Dean,female,Zaj,jacquelyndean@zaj.com,+1 (862) 426-2572,37,8/26/19,"August 26, 2019"
Beck Mccall,male,Ebidco,beckmccall@ebidco.com,+1 (972) 519-3952,39,8/27/19,"August 27, 2019"
Angelique Gardner,female,Imperium,angeliquegardner@imperium.com,+1 (879) 577-2860,27,8/28/19,"August 28, 2019"
Penelope Foster,female,Digifad,penelopefoster@digifad.com,+1 (906) 565-2492,29,8/29/19,"August 29, 2019"
Clarice Macias,female,Visualix,claricemacias@visualix.com,+1 (879) 423-3121,22,8/30/19,"August 30, 2019"
Boyle Dale,male,Niquent,boyledale@niquent.com,+1 (947) 596-2316,24,8/31/19,"August 31, 2019"
Espinoza Brooks,male,Flyboyz,espinozabrooks@flyboyz.com,+1 (953) 476-2580,25,9/1/19,"September 1, 2019"
Dolly Miller,female,Quarex,dollymiller@quarex.com,+1 (935) 527-2943,36,9/2/19,"September 2, 2019"
Goodwin Alford,male,Escenta,goodwinalford@escenta.com,+1 (865) 481-3772,34,8/20/19,"August 20, 2019"
Joan Preston,female,Techtrix,joanpreston@techtrix.com,+1 (972) 503-2155,34,8/21/19,"August 21, 2019"
Kramer Booker,male,Orbaxter,kramerbooker@orbaxter.com,+1 (995) 524-3299,23,8/22/19,"August 22, 2019"
Carpenter Hammond,male,Tropolis,carpenterhammond@tropolis.com,+1 (927) 583-3026,27,8/23/19,"August 23, 2019"
Guthrie Stokes,male,Polarax,guthriestokes@polarax.com,+1 (808) 584-2974,34,8/24/19,"August 24, 2019"
Gillespie Rojas,male,Helixo,gillespierojas@helixo.com,+1 (822) 458-3034,28,8/25/19,"August 25, 2019"
Burns Bishop,male,Isbol,burnsbishop@isbol.com,+1 (973) 470-2443,35,8/26/19,"August 26, 2019"
Nolan Romero,male,Turnling,nolanromero@turnling.com,+1 (897) 500-3920,26,8/27/19,"August 27, 2019"
Mendoza Gilmore,male,Undertap,mendozagilmore@undertap.com,+1 (844) 524-3950,22,8/28/19,"August 28, 2019"
Barton Martinez,male,Insuron,bartonmartinez@insuron.com,+1 (945) 563-2527,22,8/29/19,"August 29, 2019"
Cecile Dorsey,female,Tetratrex,ceciledorsey@tetratrex.com,+1 (917) 564-2202,40,8/30/19,"August 30, 2019"
Franks Herrera,male,Arctiq,franksherrera@arctiq.com,+1 (954) 417-2621,20,8/31/19,"August 31, 2019"
Francisca Foreman,female,Petigems,franciscaforeman@petigems.com,+1 (943) 511-3813,21,9/1/19,"September 1, 2019"
Allie Gonzales,female,Extremo,alliegonzales@extremo.com,+1 (921) 427-3341,23,9/2/19,"September 2, 2019"
Vance Hamilton,male,Naxdis,vancehamilton@naxdis.com,+1 (986) 416-2020,27,8/20/19,"August 20, 2019"
Houston Park,male,Lyria,houstonpark@lyria.com,+1 (973) 453-3701,35,8/21/19,"August 21, 2019"
Sharon Meyers,female,Hyplex,sharonmeyers@hyplex.com,+1 (906) 529-3578,37,8/22/19,"August 22, 2019"
Singleton Lyons,male,Centregy,singletonlyons@centregy.com,+1 (998) 424-3737,25,8/23/19,"August 23, 2019"
Snyder Becker,male,Neptide,snyderbecker@neptide.com,+1 (823) 406-3315,34,8/24/19,"August 24, 2019"
Velazquez Macdonald,male,Earthwax,velazquezmacdonald@earthwax.com,+1 (918) 473-2383,34,8/25/19,"August 25, 2019"
Corina Ayala,female,Snacktion,corinaayala@snacktion.com,+1 (949) 405-2957,28,8/26/19,"August 26, 2019"
Glenna Hardy,female,Izzby,glennahardy@izzby.com,+1 (849) 479-2064,23,8/27/19,"August 27, 2019"
Justice Allen,male,Geekosis,justiceallen@geekosis.com,+1 (884) 557-2987,21,8/28/19,"August 28, 2019"
Randi Landry,female,Obones,randilandry@obones.com,+1 (959) 599-3666,26,8/29/19,"August 29, 2019"
Gray Leach,male,Infotrips,grayleach@infotrips.com,+1 (929) 459-2028,35,8/30/19,"August 30, 2019"
Shelley Stanton,female,Xoggle,shelleystanton@xoggle.com,+1 (848) 491-3114,36,8/31/19,"August 31, 2019"
Roman Estrada,male,Vetron,romanestrada@vetron.com,+1 (920) 461-3525,29,9/1/19,"September 1, 2019"
Blair Buckner,male,Genmy,blairbuckner@genmy.com,+1 (850) 434-2631,36,9/2/19,"September 2, 2019"
Greene May,male,Digial,greenemay@digial.com,+1 (901) 560-3153,32,8/20/19,"August 20, 2019"
Eunice Soto,female,Vertide,eunicesoto@vertide.com,+1 (844) 524-2108,22,8/21/19,"August 21, 2019"
Jennie Garrett,female,Marvane,jenniegarrett@marvane.com,+1 (831) 402-3146,37,8/22/19,"August 22, 2019"
Bessie Mack,female,Velos,bessiemack@velos.com,+1 (929) 470-3801,24,8/23/19,"August 23, 2019"
Travis Hogan,male,Accidency,travishogan@accidency.com,+1 (965) 437-2550,29,8/24/19,"August 24, 2019"
Jimmie Woods,female,Slofast,jimmiewoods@slofast.com,+1 (872) 423-2555,29,8/25/19,"August 25, 2019"
Lacey Moran,female,Intradisk,laceymoran@intradisk.com,+1 (994) 509-2235,37,8/26/19,"August 26, 2019"
Leonard Vazquez,male,Centree,leonardvazquez@centree.com,+1 (943) 452-3837,20,8/27/19,"August 27, 2019"
Pearson Villarreal,male,Bleendot,pearsonvillarreal@bleendot.com,+1 (871) 564-2674,34,8/28/19,"August 28, 2019"
Zelma Pugh,female,Mixers,zelmapugh@mixers.com,+1 (968) 517-2277,22,8/29/19,"August 29, 2019"
Buckner Barron,male,Injoy,bucknerbarron@injoy.com,+1 (863) 581-3015,25,8/30/19,"August 30, 2019"
Allison Barrett,female,Retrotex,allisonbarrett@retrotex.com,+1 (961) 447-3111,35,8/31/19,"August 31, 2019"
Lorrie Barber,female,Oatfarm,lorriebarber@oatfarm.com,+1 (846) 562-3502,23,9/1/19,"September 1, 2019"
Hester Bolton,female,Aquamate,hesterbolton@aquamate.com,+1 (915) 574-2300,28,9/2/19,"September 2, 2019"
Carroll Mcdonald,male,Cofine,carrollmcdonald@cofine.com,+1 (880) 575-2821,26,8/20/19,"August 20, 2019"
James Baxter,male,Splinx,jamesbaxter@splinx.com,+1 (957) 423-2917,36,8/21/19,"August 21, 2019"
Herring Rodriguez,male,Paprikut,herringrodriguez@paprikut.com,+1 (897) 435-3440,39,8/22/19,"August 22, 2019"
Tamika Franks,female,Qaboos,tamikafranks@qaboos.com,+1 (889) 441-3621,22,8/23/19,"August 23, 2019"
Davenport Moreno,male,Caxt,davenportmoreno@caxt.com,+1 (801) 416-3344,26,8/24/19,"August 24, 2019"
Dyer Rivera,male,Comvey,dyerrivera@comvey.com,+1 (889) 527-2885,39,8/25/19,"August 25, 2019"
Chaney Carr,male,Collaire,chaneycarr@collaire.com,+1 (908) 543-2264,21,8/26/19,"August 26, 2019"
Hinton Glover,male,Netility,hintonglover@netility.com,+1 (944) 419-3677,34,8/27/19,"August 27, 2019"
Aimee Turner,female,Quizka,aimeeturner@quizka.com,+1 (967) 531-3979,28,8/28/19,"August 28, 2019"
Lenore Travis,female,Zosis,lenoretravis@zosis.com,+1 (934) 452-2240,28,8/29/19,"August 29, 2019"
Jacobs Buckley,male,Grupoli,jacobsbuckley@grupoli.com,+1 (867) 595-3840,20,8/30/19,"August 30, 2019"
Natasha Stafford,female,Magneato,natashastafford@magneato.com,+1 (885) 430-3912,26,8/31/19,"August 31, 2019"
Camille Sexton,female,Motovate,camillesexton@motovate.com,+1 (896) 431-3993,37,9/1/19,"September 1, 2019"
Claudia Serrano,female,Zilphur,claudiaserrano@zilphur.com,+1 (932) 577-3765,38,9/2/19,"September 2, 2019"
Koch Ramos,male,Silodyne,kochramos@silodyne.com,+1 (945) 574-3329,34,8/20/19,"August 20, 2019"
Mavis Steele,female,Vixo,mavissteele@vixo.com,+1 (977) 472-3028,32,8/21/19,"August 21, 2019"
Maryellen Brennan,female,Enjola,maryellenbrennan@enjola.com,+1 (813) 592-3608,32,8/22/19,"August 22, 2019"
Melissa Reeves,female,Magnemo,melissareeves@magnemo.com,+1 (879) 599-2180,21,8/23/19,"August 23, 2019"
Langley Parsons,male,Pyrami,langleyparsons@pyrami.com,+1 (918) 496-3263,33,8/24/19,"August 24, 2019"
Christy Cabrera,female,Cytrak,christycabrera@cytrak.com,+1 (906) 559-2087,33,8/25/19,"August 25, 2019"
Cruz Durham,male,Comtest,cruzdurham@comtest.com,+1 (884) 460-2269,32,8/26/19,"August 26, 2019"
Hill Buckley,male,Magmina,hillbuckley@magmina.com,+1 (905) 523-3301,28,8/27/19,"August 27, 2019"
Aisha Freeman,female,Ecratic,aishafreeman@ecratic.com,+1 (964) 408-3213,31,8/28/19,"August 28, 2019"
Simone Calhoun,female,Prowaste,simonecalhoun@prowaste.com,+1 (944) 472-2197,31,8/29/19,"August 29, 2019"
Bettie Chan,female,Zillar,bettiechan@zillar.com,+1 (967) 533-3936,32,8/30/19,"August 30, 2019"
Ratliff Jacobs,male,Tropolis,ratliffjacobs@tropolis.com,+1 (900) 405-2758,26,8/31/19,"August 31, 2019"
Bond Michael,male,Zilch,bondmichael@zilch.com,+1 (881) 487-3679,24,9/1/19,"September 1, 2019"
Hayden Cochran,male,Jimbies,haydencochran@jimbies.com,+1 (918) 448-2547,21,9/2/19,"September 2, 2019"
Shelia Osborne,female,Exoswitch,sheliaosborne@exoswitch.com,+1 (999) 414-2735,25,8/20/19,"August 20, 2019"
Phoebe Holder,female,Zytrac,phoebeholder@zytrac.com,+1 (924) 519-3800,22,8/21/19,"August 21, 2019"
Bishop Salinas,male,Puria,bishopsalinas@puria.com,+1 (865) 497-2145,39,8/22/19,"August 22, 2019"
Hanson Rich,male,Organica,hansonrich@organica.com,+1 (842) 479-3227,28,8/23/19,"August 23, 2019"
Catalina Sherman,female,Comvene,catalinasherman@comvene.com,+1 (846) 514-3115,20,8/24/19,"August 24, 2019"
Golden Bond,male,Shepard,goldenbond@shepard.com,+1 (895) 478-2030,38,8/25/19,"August 25, 2019"
Singleton Oneill,male,Datagen,singletononeill@datagen.com,+1 (873) 431-3343,32,8/26/19,"August 26, 2019"
Lola Monroe,female,Deviltoe,lolamonroe@deviltoe.com,+1 (917) 538-2527,28,8/27/19,"August 27, 2019"
Bethany Marks,female,Talkalot,bethanymarks@talkalot.com,+1 (986) 527-2806,30,8/28/19,"August 28, 2019"
Snider Palmer,male,Klugger,sniderpalmer@klugger.com,+1 (884) 438-2870,32,8/29/19,"August 29, 2019"
Duran Callahan,male,Netagy,durancallahan@netagy.com,+1 (826) 476-3977,39,8/30/19,"August 30, 2019"
Sylvia Frazier,female,Signity,sylviafrazier@signity.com,+1 (897) 416-2203,38,8/31/19,"August 31, 2019"
Beulah Stanley,female,Interloo,beulahstanley@interloo.com,+1 (907) 454-3397,24,9/1/19,"September 1, 2019"
Delia Hopkins,female,Aclima,deliahopkins@aclima.com,+1 (863) 464-2709,38,9/2/19,"September 2, 2019"
Melendez Branch,male,Ziggles,melendezbranch@ziggles.com,+1 (994) 413-3243,29,8/20/19,"August 20, 2019"
Contreras Walker,male,Ebidco,contreraswalker@ebidco.com,+1 (833) 569-2843,24,8/21/19,"August 21, 2019"
Horn Mckinney,male,Dognost,hornmckinney@dognost.com,+1 (925) 594-3539,37,8/22/19,"August 22, 2019"
Mercado Vaughn,male,Telepark,mercadovaughn@telepark.com,+1 (862) 557-2737,22,8/23/19,"August 23, 2019"
Sondra Sanford,female,Konnect,sondrasanford@konnect.com,+1 (975) 530-2100,32,8/24/19,"August 24, 2019"
Roberson Blevins,male,Zytrek,robersonblevins@zytrek.com,+1 (973) 512-3464,27,8/25/19,"August 25, 2019"
Loretta Joyce,female,Thredz,lorettajoyce@thredz.com,+1 (876) 459-3178,29,8/26/19,"August 26, 2019"
Atkins Lang,male,Polarax,atkinslang@polarax.com,+1 (917) 450-2491,36,8/27/19,"August 27, 2019"
Rowena Morrison,female,Enomen,rowenamorrison@enomen.com,+1 (969) 427-3339,22,8/28/19,"August 28, 2019"
Robyn Wagner,female,Franscene,robynwagner@franscene.com,+1 (833) 518-3609,39,8/29/19,"August 29, 2019"
Acevedo Anderson,male,Endicil,acevedoanderson@endicil.com,+1 (869) 406-2868,29,8/30/19,"August 30, 2019"
Davis Booth,male,Amtap,davisbooth@amtap.com,+1 (989) 462-3758,33,8/31/19,"August 31, 2019"
Blake Richard,male,Extro,blakerichard@extro.com,+1 (950) 467-2674,32,9/1/19,"September 1, 2019"
Leonor Sims,female,Isis,leonorsims@isis.com,+1 (901) 412-2070,23,9/2/19,"September 2, 2019"
Clay Wong,male,Twiist,claywong@twiist.com,+1 (935) 525-3935,33,8/20/19,"August 20, 2019"
Witt Pittman,male,Bleeko,wittpittman@bleeko.com,+1 (932) 407-2364,32,8/21/19,"August 21, 2019"
Mccullough Zimmerman,male,Unisure,mcculloughzimmerman@unisure.com,+1 (823) 465-3586,36,8/22/19,"August 22, 2019"
Velez Carpenter,male,Kage,velezcarpenter@kage.com,+1 (850) 580-3807,22,8/23/19,"August 23, 2019"
Maritza Good,female,Asimiline,maritzagood@asimiline.com,+1 (850) 480-2579,37,8/24/19,"August 24, 2019"
Maxine Odonnell,female,Cyclonica,maxineodonnell@cyclonica.com,+1 (971) 527-2484,40,8/25/19,"August 25, 2019"
Shelton Cardenas,male,Gink,sheltoncardenas@gink.com,+1 (848) 558-3596,33,8/26/19,"August 26, 2019"
Mcmillan Malone,male,Melbacor,mcmillanmalone@melbacor.com,+1 (879) 561-3007,26,8/27/19,"August 27, 2019"
Mollie Miles,female,Cogentry,molliemiles@cogentry.com,+1 (992) 547-3436,30,8/28/19,"August 28, 2019"
Owens Gonzalez,male,Puria,owensgonzalez@puria.com,+1 (975) 408-3655,20,8/29/19,"August 29, 2019"
Rice Dillon,male,Memora,ricedillon@memora.com,+1 (808) 440-3794,28,8/30/19,"August 30, 2019"
Mcmillan Vega,male,Artiq,mcmillanvega@artiq.com,+1 (826) 541-3737,27,8/31/19,"August 31, 2019"
Fern Daniel,female,Bisba,ferndaniel@bisba.com,+1 (941) 550-2486,39,9/1/19,"September 1, 2019"
Estella Rowe,female,Combogen,estellarowe@combogen.com,+1 (961) 482-3629,40,9/2/19,"September 2, 2019"
Lula Blevins,female,Kongle,lulablevins@kongle.com,+1 (973) 487-2756,24,8/20/19,"August 20, 2019"
Stewart Scott,male,Illumity,stewartscott@illumity.com,+1 (924) 502-2662,23,8/21/19,"August 21, 2019"
Jerry Holmes,female,Bitrex,jerryholmes@bitrex.com,+1 (888) 482-3467,32,8/22/19,"August 22, 2019"
Cain Wagner,male,Tourmania,cainwagner@tourmania.com,+1 (980) 517-2188,29,8/23/19,"August 23, 2019"
Crane Sandoval,male,Utara,cranesandoval@utara.com,+1 (847) 429-2442,38,8/24/19,"August 24, 2019"
Dena Rocha,female,Satiance,denarocha@satiance.com,+1 (852) 412-2776,27,8/25/19,"August 25, 2019"
Goodwin Sampson,male,Cytrek,goodwinsampson@cytrek.com,+1 (900) 500-3402,29,8/26/19,"August 26, 2019"
Ashlee Lamb,female,Zilladyne,ashleelamb@zilladyne.com,+1 (811) 544-2577,29,8/27/19,"August 27, 2019"
Underwood Dickerson,male,Geekola,underwooddickerson@geekola.com,+1 (882) 409-2976,21,8/28/19,"August 28, 2019"
Ericka Lyons,female,Eargo,erickalyons@eargo.com,+1 (806) 416-2946,26,8/29/19,"August 29, 2019"
Valeria Burke,female,Oulu,valeriaburke@oulu.com,+1 (939) 553-3290,39,8/30/19,"August 30, 2019"
Maribel Mcfadden,female,Daido,maribelmcfadden@daido.com,+1 (923) 575-3788,30,8/31/19,"August 31, 2019"
Wilson Dixon,male,Coriander,wilsondixon@coriander.com,+1 (908) 571-3309,30,9/1/19,"September 1, 2019"
Iris Eaton,female,Prosure,iriseaton@prosure.com,+1 (871) 524-2765,35,9/2/19,"September 2, 2019"
Marci Campos,female,Cosmetex,marcicampos@cosmetex.com,+1 (882) 580-2316,38,8/20/19,"August 20, 2019"
Juliette Koch,female,Krog,juliettekoch@krog.com,+1 (932) 515-3267,40,8/21/19,"August 21, 2019"
Barron Alford,male,Medifax,barronalford@medifax.com,+1 (982) 593-2268,32,8/22/19,"August 22, 2019"
James Morin,male,Frenex,jamesmorin@frenex.com,+1 (918) 451-3074,30,8/23/19,"August 23, 2019"
Leona Dotson,female,Irack,leonadotson@irack.com,+1 (856) 588-2822,37,8/24/19,"August 24, 2019"
Berger Mckee,male,Cofine,bergermckee@cofine.com,+1 (846) 409-2677,24,8/25/19,"August 25, 2019"
Conway Coffey,male,Overplex,conwaycoffey@overplex.com,+1 (987) 559-3047,20,8/26/19,"August 26, 2019"
Justice Figueroa,male,Geeknet,justicefigueroa@geeknet.com,+1 (968) 468-2700,30,8/27/19,"August 27, 2019"
Holden Leon,male,Kneedles,holdenleon@kneedles.com,+1 (998) 481-3553,30,8/28/19,"August 28, 2019"
Lora Brewer,female,Marketoid,lorabrewer@marketoid.com,+1 (836) 511-2614,22,8/29/19,"August 29, 2019"
Janie Mason,female,Xerex,janiemason@xerex.com,+1 (876) 515-3690,35,8/30/19,"August 30, 2019"
Ava Haney,female,Buzzmaker,avahaney@buzzmaker.com,+1 (913) 426-3098,39,8/31/19,"August 31, 2019"
English Mccoy,male,Providco,englishmccoy@providco.com,+1 (817) 574-3379,33,9/1/19,"September 1, 2019"
Hoover Mcmahon,male,Zosis,hoovermcmahon@zosis.com,+1 (909) 516-3039,33,9/2/19,"September 2, 2019"
Cardenas Tucker,male,Comtrail,cardenastucker@comtrail.com,+1 (801) 582-2586,20,8/20/19,"August 20, 2019"
Cynthia Case,female,Furnitech,cynthiacase@furnitech.com,+1 (932) 403-3459,34,8/21/19,"August 21, 2019"
Snow Goodman,male,Optyk,snowgoodman@optyk.com,+1 (850) 557-2034,30,8/22/19,"August 22, 2019"
Olivia Hubbard,female,Overfork,oliviahubbard@overfork.com,+1 (842) 414-3370,26,8/23/19,"August 23, 2019"
Snider Buckner,male,Aquamate,sniderbuckner@aquamate.com,+1 (908) 412-3613,26,8/24/19,"August 24, 2019"
Rhoda Ryan,female,Exodoc,rhodaryan@exodoc.com,+1 (955) 578-3504,38,8/25/19,"August 25, 2019"
Cheryl Wilkerson,female,Daisu,cherylwilkerson@daisu.com,+1 (978) 551-2129,37,8/26/19,"August 26, 2019"
Larson Macias,male,Opticom,larsonmacias@opticom.com,+1 (985) 421-3396,23,8/27/19,"August 27, 2019"
Ruthie Elliott,female,Nixelt,ruthieelliott@nixelt.com,+1 (867) 462-2992,26,8/28/19,"August 28, 2019"
Gordon Poole,male,Zolarex,gordonpoole@zolarex.com,+1 (972) 507-3643,34,8/29/19,"August 29, 2019"
Pruitt Bartlett,male,Wazzu,pruittbartlett@wazzu.com,+1 (955) 570-2451,32,8/30/19,"August 30, 2019"
Laurel Nieves,female,Exiand,laurelnieves@exiand.com,+1 (805) 515-3251,38,8/31/19,"August 31, 2019"
Edwina England,female,Apex,edwinaengland@apex.com,+1 (815) 557-3539,35,9/1/19,"September 1, 2019"
Nguyen Turner,male,Olucore,nguyenturner@olucore.com,+1 (959) 408-2244,34,9/2/19,"September 2, 2019"
Jan Cole,female,Newcube,jancole@newcube.com,+1 (864) 545-3072,39,8/20/19,"August 20, 2019"
Byrd Sears,male,Datagen,byrdsears@datagen.com,+1 (942) 469-2156,25,8/21/19,"August 21, 2019"
Zelma Santos,female,Futurize,zelmasantos@futurize.com,+1 (986) 498-2815,33,8/22/19,"August 22, 2019"
Aileen Ferrell,female,Orbean,aileenferrell@orbean.com,+1 (883) 586-3049,23,8/23/19,"August 23, 2019"
Calderon Mccray,male,Miraclis,calderonmccray@miraclis.com,+1 (848) 551-3640,31,8/24/19,"August 24, 2019"
Anita Dotson,female,Isologics,anitadotson@isologics.com,+1 (952) 562-2933,37,8/25/19,"August 25, 2019"
Whitley Olsen,male,Cyclonica,whitleyolsen@cyclonica.com,+1 (885) 451-2332,22,8/26/19,"August 26, 2019"
Armstrong Santiago,male,Waretel,armstrongsantiago@waretel.com,+1 (840) 600-2836,39,8/27/19,"August 27, 2019"
Strickland Shepard,male,Maxemia,stricklandshepard@maxemia.com,+1 (994) 541-2785,29,8/28/19,"August 28, 2019"
Lowery Mercer,male,Grainspot,lowerymercer@grainspot.com,+1 (876) 533-3108,27,8/29/19,"August 29, 2019"
Nicole Livingston,female,Tasmania,nicolelivingston@tasmania.com,+1 (899) 473-2594,32,8/30/19,"August 30, 2019"
Bailey Hensley,male,Glasstep,baileyhensley@glasstep.com,+1 (950) 502-2295,33,8/31/19,"August 31, 2019"
Meyer Fuentes,male,Flotonic,meyerfuentes@flotonic.com,+1 (966) 589-2859,24,9/1/19,"September 1, 2019"
Lillie Goodwin,female,Exposa,lilliegoodwin@exposa.com,+1 (989) 514-2531,38,9/2/19,"September 2, 2019"
Estelle Stephenson,female,Automon,estellestephenson@automon.com,+1 (847) 497-2868,37,8/20/19,"August 20, 2019"
Kim Good,male,Zyple,kimgood@zyple.com,+1 (986) 411-2791,29,8/21/19,"August 21, 2019"
Tommie Fisher,female,Zuvy,tommiefisher@zuvy.com,+1 (892) 426-2828,24,8/22/19,"August 22, 2019"
Leila Sampson,female,Intrawear,leilasampson@intrawear.com,+1 (940) 407-3831,39,8/23/19,"August 23, 2019"
Macdonald Moreno,male,Tropoli,macdonaldmoreno@tropoli.com,+1 (958) 529-2705,34,8/24/19,"August 24, 2019"
Olson Cardenas,male,Stelaecor,olsoncardenas@stelaecor.com,+1 (801) 468-3005,35,8/25/19,"August 25, 2019"
Jarvis Shepherd,male,Eclipto,jarvisshepherd@eclipto.com,+1 (993) 465-2043,28,8/26/19,"August 26, 2019"
Chrystal Riley,female,Buzzmaker,chrystalriley@buzzmaker.com,+1 (897) 523-3459,26,8/27/19,"August 27, 2019"
Katie Salas,female,Jamnation,katiesalas@jamnation.com,+1 (849) 596-3673,32,8/28/19,"August 28, 2019"
Phyllis Joyner,female,Telpod,phyllisjoyner@telpod.com,+1 (996) 598-3102,31,8/29/19,"August 29, 2019"
Mary Boone,female,Qot,maryboone@qot.com,+1 (980) 457-3110,40,8/30/19,"August 30, 2019"
Barbra Fitzpatrick,female,Zipak,barbrafitzpatrick@zipak.com,+1 (811) 410-3683,32,8/31/19,"August 31, 2019"
Delaney Alford,male,Chillium,delaneyalford@chillium.com,+1 (962) 432-2687,35,9/1/19,"September 1, 2019"
Reilly Foreman,male,Repetwire,reillyforeman@repetwire.com,+1 (860) 518-2356,20,9/2/19,"September 2, 2019"
Madeline Branch,female,Emtrac,madelinebranch@emtrac.com,+1 (926) 598-3985,36,8/20/19,"August 20, 2019"
Adeline Burt,female,Comtrail,adelineburt@comtrail.com,+1 (817) 434-3848,27,8/21/19,"August 21, 2019"
Tammie Battle,female,Zilidium,tammiebattle@zilidium.com,+1 (969) 555-2332,23,8/22/19,"August 22, 2019"
Stella Rodriguez,female,Autograte,stellarodriguez@autograte.com,+1 (967) 431-3778,36,8/23/19,"August 23, 2019"
Aurora Doyle,female,Kinetica,auroradoyle@kinetica.com,+1 (872) 430-3790,25,8/24/19,"August 24, 2019"
Huff Meyers,male,Snorus,huffmeyers@snorus.com,+1 (972) 529-3905,29,8/25/19,"August 25, 2019"
Maddox Cohen,male,Mitroc,maddoxcohen@mitroc.com,+1 (997) 420-2871,31,8/26/19,"August 26, 2019"
Anne Glover,female,Bullzone,anneglover@bullzone.com,+1 (950) 488-2211,38,8/27/19,"August 27, 2019"
Lily Little,female,Temorak,lilylittle@temorak.com,+1 (956) 546-3237,21,8/28/19,"August 28, 2019"
Chan Chaney,male,Comtour,chanchaney@comtour.com,+1 (840) 503-2829,39,8/29/19,"August 29, 2019"
Gaines Mcconnell,male,Kongle,gainesmcconnell@kongle.com,+1 (984) 590-3388,36,8/30/19,"August 30, 2019"
Albert Mathews,male,Essensia,albertmathews@essensia.com,+1 (939) 485-2459,36,8/31/19,"August 31, 2019"
Schmidt Haney,male,Remotion,schmidthaney@remotion.com,+1 (860) 587-3342,28,9/1/19,"September 1, 2019"
Nannie Guerrero,female,Rodeocean,nannieguerrero@rodeocean.com,+1 (945) 454-3638,27,9/2/19,"September 2, 2019"
Georgina Owen,female,Fangold,georginaowen@fangold.com,+1 (809) 492-2813,20,8/20/19,"August 20, 2019"
Saundra Baldwin,female,Accidency,saundrabaldwin@accidency.com,+1 (873) 463-2971,24,8/21/19,"August 21, 2019"
Lorena Albert,female,Cubicide,lorenaalbert@cubicide.com,+1 (953) 446-2980,31,8/22/19,"August 22, 2019"
Paige Levine,female,Multiflex,paigelevine@multiflex.com,+1 (842) 551-2693,38,8/23/19,"August 23, 2019"
Hudson Hurst,male,Tri@Tribalog,hudsonhurst@tri@tribalog.com,+1 (930) 459-2700,36,8/24/19,"August 24, 2019"
Tameka Oconnor,female,Insurity,tamekaoconnor@insurity.com,+1 (981) 536-2269,31,8/25/19,"August 25, 2019"
Montgomery Sharp,male,Plutorque,montgomerysharp@plutorque.com,+1 (876) 417-2274,31,8/26/19,"August 26, 2019"
Hanson Rowland,male,Oronoko,hansonrowland@oronoko.com,+1 (911) 530-3817,32,8/27/19,"August 27, 2019"
Figueroa Dennis,male,Corpulse,figueroadennis@corpulse.com,+1 (852) 489-2250,38,8/28/19,"August 28, 2019"
Washington Acosta,male,Ecraze,washingtonacosta@ecraze.com,+1 (913) 487-2120,27,8/29/19,"August 29, 2019"
Jeannette Lowe,female,Fuelworks,jeannettelowe@fuelworks.com,+1 (886) 562-3276,24,8/30/19,"August 30, 2019"
Hilary Beasley,female,Medifax,hilarybeasley@medifax.com,+1 (936) 547-3843,38,8/31/19,"August 31, 2019"
Veronica Livingston,female,Biohab,veronicalivingston@biohab.com,+1 (887) 493-2354,36,9/1/19,"September 1, 2019"
Thelma Parker,female,Cogentry,thelmaparker@cogentry.com,+1 (945) 484-2408,30,9/2/19,"September 2, 2019"
Watson Blevins,male,Xanide,watsonblevins@xanide.com,+1 (831) 455-3039,35,8/20/19,"August 20, 2019"
Cantu Cross,male,Slambda,cantucross@slambda.com,+1 (923) 530-3448,32,8/21/19,"August 21, 2019"
Flynn Baird,male,Kozgene,flynnbaird@kozgene.com,+1 (847) 480-3135,28,8/22/19,"August 22, 2019"
Diana Frye,female,Bicol,dianafrye@bicol.com,+1 (998) 510-2769,37,8/23/19,"August 23, 2019"
Brock Mcknight,male,Octocore,brockmcknight@octocore.com,+1 (821) 572-2559,40,8/24/19,"August 24, 2019"
Ophelia Evans,female,Valpreal,opheliaevans@valpreal.com,+1 (831) 544-2847,36,8/25/19,"August 25, 2019"
Boone Downs,male,Datacator,boonedowns@datacator.com,+1 (801) 471-2448,29,8/26/19,"August 26, 2019"
Jimenez Knapp,male,Sustenza,jimenezknapp@sustenza.com,+1 (959) 591-3878,23,8/27/19,"August 27, 2019"
Cross Coleman,male,Equicom,crosscoleman@equicom.com,+1 (881) 580-2564,35,8/28/19,"August 28, 2019"
Connie Stanton,female,Comvey,conniestanton@comvey.com,+1 (916) 444-3009,28,8/29/19,"August 29, 2019"
Eva Petty,female,Imkan,evapetty@imkan.com,+1 (935) 504-2016,27,8/30/19,"August 30, 2019"
Levine Todd,male,Plasmosis,levinetodd@plasmosis.com,+1 (883) 473-2671,29,8/31/19,"August 31, 2019"
Rachelle Harrington,female,Isoswitch,rachelleharrington@isoswitch.com,+1 (811) 532-3342,37,9/1/19,"September 1, 2019"
Candy Burch,female,Kenegy,candyburch@kenegy.com,+1 (898) 516-2306,28,9/2/19,"September 2, 2019"
Cassandra Fields,female,Ramjob,cassandrafields@ramjob.com,+1 (949) 468-2077,38,8/20/19,"August 20, 2019"
Frieda Riddle,female,Exoswitch,friedariddle@exoswitch.com,+1 (850) 547-3003,35,8/21/19,"August 21, 2019"
Latonya Kaufman,female,Dreamia,latonyakaufman@dreamia.com,+1 (931) 406-3111,25,8/22/19,"August 22, 2019"
Ericka Finch,female,Neptide,erickafinch@neptide.com,+1 (989) 488-3893,27,8/23/19,"August 23, 2019"
Joan Jarvis,female,Xylar,joanjarvis@xylar.com,+1 (800) 593-3400,24,8/24/19,"August 24, 2019"
Rebekah Shields,female,Polarium,rebekahshields@polarium.com,+1 (900) 485-2113,22,8/25/19,"August 25, 2019"
Brigitte Juarez,female,Sonique,brigittejuarez@sonique.com,+1 (984) 543-3045,37,8/26/19,"August 26, 2019"
Chase Colon,male,Xleen,chasecolon@xleen.com,+1 (805) 426-3426,26,8/27/19,"August 27, 2019"
Jacqueline Wilkinson,female,Vinch,jacquelinewilkinson@vinch.com,+1 (875) 596-3737,34,8/28/19,"August 28, 2019"
Elliott Elliott,male,Enjola,elliottelliott@enjola.com,+1 (969) 598-2178,39,8/29/19,"August 29, 2019"
Mcclure Sykes,male,Zillan,mccluresykes@zillan.com,+1 (852) 486-2324,31,8/30/19,"August 30, 2019"
Brandi Jacobson,female,Strozen,brandijacobson@strozen.com,+1 (868) 445-2696,25,8/31/19,"August 31, 2019"
Irwin Watson,male,Lunchpad,irwinwatson@lunchpad.com,+1 (957) 437-3236,22,9/1/19,"September 1, 2019"
Rodgers Mcconnell,male,Handshake,rodgersmcconnell@handshake.com,+1 (918) 418-2172,34,9/2/19,"September 2, 2019"
Bridgette Pope,female,Glasstep,bridgettepope@glasstep.com,+1 (980) 416-2239,31,8/20/19,"August 20, 2019"
Horton Spears,male,Virva,hortonspears@virva.com,+1 (822) 512-2238,32,8/21/19,"August 21, 2019"
Audrey Mendez,female,Pyramia,audreymendez@pyramia.com,+1 (844) 570-2368,29,8/22/19,"August 22, 2019"
Mccormick Mayer,male,Quizka,mccormickmayer@quizka.com,+1 (889) 597-3852,35,8/23/19,"August 23, 2019"
Nettie Obrien,female,Ovolo,nettieobrien@ovolo.com,+1 (826) 450-3415,28,8/24/19,"August 24, 2019"
Eaton Cantrell,male,Ecosys,eatoncantrell@ecosys.com,+1 (956) 558-3640,24,8/25/19,"August 25, 2019"
Wells Kirk,male,Accufarm,wellskirk@accufarm.com,+1 (802) 439-2322,33,8/26/19,"August 26, 2019"
Sharlene Lamb,female,Nixelt,sharlenelamb@nixelt.com,+1 (956) 561-3398,20,8/27/19,"August 27, 2019"
Lynda Knight,female,Anocha,lyndaknight@anocha.com,+1 (839) 579-3800,37,8/28/19,"August 28, 2019"
Hardin Good,male,Turnabout,hardingood@turnabout.com,+1 (923) 588-2473,40,8/29/19,"August 29, 2019"
Burns Howell,male,Kage,burnshowell@kage.com,+1 (913) 470-3976,33,8/30/19,"August 30, 2019"
Richard Roberts,male,Zappix,richardroberts@zappix.com,+1 (849) 515-2075,28,8/31/19,"August 31, 2019"
Whitaker Graham,male,Kengen,whitakergraham@kengen.com,+1 (955) 454-3746,35,9/1/19,"September 1, 2019"
Blevins Newton,male,Cytrex,blevinsnewton@cytrex.com,+1 (988) 572-2413,36,9/2/19,"September 2, 2019"
Armstrong Sweeney,male,Skinserve,armstrongsweeney@skinserve.com,+1 (964) 587-3995,27,8/20/19,"August 20, 2019"
Fry Guerrero,male,Ronelon,fryguerrero@ronelon.com,+1 (941) 456-3863,36,8/21/19,"August 21, 2019"
Rochelle Green,female,Cinesanct,rochellegreen@cinesanct.com,+1 (832) 492-3613,26,8/22/19,"August 22, 2019"
Terrell Maynard,male,Coash,terrellmaynard@coash.com,+1 (923) 412-2580,37,8/23/19,"August 23, 2019"
Barr Walls,male,Zensus,barrwalls@zensus.com,+1 (820) 435-3575,28,8/24/19,"August 24, 2019"
Miranda Glass,female,Rockyard,mirandaglass@rockyard.com,+1 (982) 401-2227,34,8/25/19,"August 25, 2019"
Justine Mcfadden,female,Quadeebo,justinemcfadden@quadeebo.com,+1 (973) 551-2651,35,8/26/19,"August 26, 2019"
Eliza Avila,female,Cablam,elizaavila@cablam.com,+1 (867) 427-2739,28,8/27/19,"August 27, 2019"
Ashley Wheeler,female,Enormo,ashleywheeler@enormo.com,+1 (951) 535-3118,21,8/28/19,"August 28, 2019"
Alicia Chavez,female,Stelaecor,aliciachavez@stelaecor.com,+1 (973) 519-3035,37,8/29/19,"August 29, 2019"
Tiffany Hutchinson,female,Pharmacon,tiffanyhutchinson@pharmacon.com,+1 (971) 600-3477,39,8/30/19,"August 30, 2019"
Rachel Hogan,female,Coriander,rachelhogan@coriander.com,+1 (945) 545-2620,40,8/31/19,"August 31, 2019"
Jami Weeks,female,Pasturia,jamiweeks@pasturia.com,+1 (936) 600-3377,31,9/1/19,"September 1, 2019"
Ava Rosa,female,Acium,avarosa@acium.com,+1 (976) 595-3474,35,9/2/19,"September 2, 2019"
Hudson Carter,male,Conferia,hudsoncarter@conferia.com,+1 (938) 525-3606,40,8/20/19,"August 20, 2019"
Peggy Hodges,female,Zilch,peggyhodges@zilch.com,+1 (848) 451-3831,30,8/21/19,"August 21, 2019"
Chen Stout,male,Ezentia,chenstout@ezentia.com,+1 (897) 435-3773,34,8/22/19,"August 22, 2019"
Juarez Rodriquez,male,Zaggles,juarezrodriquez@zaggles.com,+1 (861) 502-2931,34,8/23/19,"August 23, 2019"
Addie Fuller,female,Zaphire,addiefuller@zaphire.com,+1 (944) 532-2256,40,8/24/19,"August 24, 2019"
Osborn Grant,male,Harmoney,osborngrant@harmoney.com,+1 (992) 402-3556,29,8/25/19,"August 25, 2019"
Hancock Ballard,male,Flexigen,hancockballard@flexigen.com,+1 (806) 517-3354,34,8/26/19,"August 26, 2019"
Angel Bauer,female,Rodemco,angelbauer@rodemco.com,+1 (890) 406-2360,21,8/27/19,"August 27, 2019"
Lorena Herrera,female,Katakana,lorenaherrera@katakana.com,+1 (898) 422-2223,21,8/28/19,"August 28, 2019"
Concetta Oneal,female,Jimbies,concettaoneal@jimbies.com,+1 (884) 418-2374,34,8/29/19,"August 29, 2019"
Clements Mercer,male,Exodoc,clementsmercer@exodoc.com,+1 (850) 402-2064,21,8/30/19,"August 30, 2019"
Tammie Maldonado,female,Zizzle,tammiemaldonado@zizzle.com,+1 (874) 574-2562,31,8/31/19,"August 31, 2019"
Mcdonald Olson,male,Quarx,mcdonaldolson@quarx.com,+1 (928) 557-3710,23,9/1/19,"September 1, 2019"
Lynne Griffin,female,Exostream,lynnegriffin@exostream.com,+1 (887) 490-3581,36,9/2/19,"September 2, 2019"
Gentry Dickson,male,Emoltra,gentrydickson@emoltra.com,+1 (977) 500-2737,34,8/20/19,"August 20, 2019"
Duke Fowler,male,Konnect,dukefowler@konnect.com,+1 (974) 449-2378,30,8/21/19,"August 21, 2019"
Anna Potts,female,Keengen,annapotts@keengen.com,+1 (960) 445-3163,28,8/22/19,"August 22, 2019"
Veronica Alford,female,Netbook,veronicaalford@netbook.com,+1 (892) 547-2004,40,8/23/19,"August 23, 2019"
Gail Simmons,female,Uplinx,gailsimmons@uplinx.com,+1 (815) 432-2986,40,8/24/19,"August 24, 2019"
Martha Copeland,female,Earthplex,marthacopeland@earthplex.com,+1 (996) 548-2153,28,8/25/19,"August 25, 2019"
Witt Rios,male,Eschoir,wittrios@eschoir.com,+1 (968) 580-2559,36,8/26/19,"August 26, 2019"
Tammy Manning,female,Kraggle,tammymanning@kraggle.com,+1 (826) 506-2586,27,8/27/19,"August 27, 2019"
Mable Spence,female,Biospan,mablespence@biospan.com,+1 (992) 598-3588,25,8/28/19,"August 28, 2019"
Iva Hudson,female,Netplax,ivahudson@netplax.com,+1 (806) 577-3457,29,8/29/19,"August 29, 2019"
Pearl Colon,female,Exovent,pearlcolon@exovent.com,+1 (858) 550-3247,24,8/30/19,"August 30, 2019"
Ofelia Edwards,female,Menbrain,ofeliaedwards@menbrain.com,+1 (839) 597-3739,29,8/31/19,"August 31, 2019"
Prince Benton,male,Zaj,princebenton@zaj.com,+1 (934) 506-2158,27,9/1/19,"September 1, 2019"
Maryanne Aguilar,female,Plasto,maryanneaguilar@plasto.com,+1 (848) 498-3221,26,9/2/19,"September 2, 2019"
Kristy Ward,female,Furnigeer,kristyward@furnigeer.com,+1 (934) 598-2924,39,8/20/19,"August 20, 2019"
Blake Sharp,male,Digigene,blakesharp@digigene.com,+1 (997) 540-3371,30,8/21/19,"August 21, 2019"
Kennedy Williams,male,Twiggery,kennedywilliams@twiggery.com,+1 (881) 508-2825,22,8/22/19,"August 22, 2019"
Aurora Hill,female,Yurture,aurorahill@yurture.com,+1 (840) 544-3898,38,8/23/19,"August 23, 2019"
Laura Logan,female,Vortexaco,lauralogan@vortexaco.com,+1 (855) 480-2690,37,8/24/19,"August 24, 2019"
Joy Rutledge,female,Maximind,joyrutledge@maximind.com,+1 (864) 478-3884,26,8/25/19,"August 25, 2019"
Felecia Butler,female,Newcube,feleciabutler@newcube.com,+1 (842) 457-3691,23,8/26/19,"August 26, 2019"
Johanna Thornton,female,Kidgrease,johannathornton@kidgrease.com,+1 (923) 549-3711,39,8/27/19,"August 27, 2019"
Pate Henson,male,Dragbot,patehenson@dragbot.com,+1 (922) 414-3569,35,8/28/19,"August 28, 2019"
Wilkerson Stark,male,Skyplex,wilkersonstark@skyplex.com,+1 (869) 411-3235,24,8/29/19,"August 29, 2019"
Marsh Dennis,male,Interodeo,marshdennis@interodeo.com,+1 (988) 459-3261,21,8/30/19,"August 30, 2019"
Cummings Page,male,Insource,cummingspage@insource.com,+1 (802) 600-3508,22,8/31/19,"August 31, 2019"
Brigitte Jones,female,Sunclipse,brigittejones@sunclipse.com,+1 (818) 596-2599,34,9/1/19,"September 1, 2019"
Walton Weber,male,Zisis,waltonweber@zisis.com,+1 (950) 490-3427,36,9/2/19,"September 2, 2019"
Kathy Grant,female,Bolax,kathygrant@bolax.com,+1 (895) 563-2334,38,8/20/19,"August 20, 2019"
Mattie Stone,female,Ziggles,mattiestone@ziggles.com,+1 (961) 465-2170,37,8/21/19,"August 21, 2019"
Erin Rivas,female,Rugstars,erinrivas@rugstars.com,+1 (989) 573-3149,29,8/22/19,"August 22, 2019"
Ursula Stanley,female,Orbiflex,ursulastanley@orbiflex.com,+1 (931) 504-2101,31,8/23/19,"August 23, 2019"
Cheri Wilkerson,female,Supportal,cheriwilkerson@supportal.com,+1 (876) 530-2025,24,8/24/19,"August 24, 2019"
Pearson Mcfadden,male,Xeronk,pearsonmcfadden@xeronk.com,+1 (924) 458-3535,21,8/25/19,"August 25, 2019"
Natalia Moody,female,Quarex,nataliamoody@quarex.com,+1 (896) 550-3648,21,8/26/19,"August 26, 2019"
May Martin,female,Uneeq,maymartin@uneeq.com,+1 (861) 556-2692,29,8/27/19,"August 27, 2019"
Russell Reid,male,Pushcart,russellreid@pushcart.com,+1 (839) 416-2743,23,8/28/19,"August 28, 2019"
Taylor Dominguez,female,Uplinx,taylordominguez@uplinx.com,+1 (829) 507-3542,33,8/29/19,"August 29, 2019"
Barber Little,male,Suretech,barberlittle@suretech.com,+1 (829) 521-2788,25,8/30/19,"August 30, 2019"
Parrish Bird,male,Exiand,parrishbird@exiand.com,+1 (856) 473-3815,21,8/31/19,"August 31, 2019"
Carpenter Monroe,male,Zilodyne,carpentermonroe@zilodyne.com,+1 (878) 529-3240,35,9/1/19,"September 1, 2019"
Williams Sutton,male,Ziore,williamssutton@ziore.com,+1 (952) 461-3437,38,9/2/19,"September 2, 2019"
Molly Kaufman,female,Ecratic,mollykaufman@ecratic.com,+1 (891) 400-2158,25,8/20/19,"August 20, 2019"
Jackson Mccullough,male,Enersol,jacksonmccullough@enersol.com,+1 (857) 405-3490,35,8/21/19,"August 21, 2019"
Cochran Gross,male,Proxsoft,cochrangross@proxsoft.com,+1 (910) 497-2077,29,8/22/19,"August 22, 2019"
Marilyn Alvarez,female,Zilch,marilynalvarez@zilch.com,+1 (999) 447-3827,30,8/23/19,"August 23, 2019"
Alissa Mcclure,female,Kiggle,alissamcclure@kiggle.com,+1 (842) 465-2486,31,8/24/19,"August 24, 2019"
Caroline Giles,female,Jumpstack,carolinegiles@jumpstack.com,+1 (844) 588-2757,28,8/25/19,"August 25, 2019"
Wade Frye,male,Kenegy,wadefrye@kenegy.com,+1 (878) 440-3251,24,8/26/19,"August 26, 2019"
Rhoda Ortega,female,Genekom,rhodaortega@genekom.com,+1 (827) 567-3336,30,8/27/19,"August 27, 2019"
Phyllis Hess,female,Rooforia,phyllishess@rooforia.com,+1 (966) 547-2958,38,8/28/19,"August 28, 2019"
Maude Barry,female,Enervate,maudebarry@enervate.com,+1 (928) 466-3982,30,8/29/19,"August 29, 2019"
Barnes Savage,male,Providco,barnessavage@providco.com,+1 (910) 499-3548,39,8/30/19,"August 30, 2019"
Rochelle Gonzalez,female,Enaut,rochellegonzalez@enaut.com,+1 (856) 462-2738,33,8/31/19,"August 31, 2019"
Sampson Chang,male,Quility,sampsonchang@quility.com,+1 (964) 584-3766,27,9/1/19,"September 1, 2019"
Camille Ingram,female,Idego,camilleingram@idego.com,+1 (901) 414-2712,29,9/2/19,"September 2, 2019"
Jenifer Irwin,female,Ebidco,jeniferirwin@ebidco.com,+1 (807) 556-2109,38,8/20/19,"August 20, 2019"
Kristy Curry,female,Digique,kristycurry@digique.com,+1 (932) 457-2841,40,8/21/19,"August 21, 2019"
Cooper Noble,male,Isoternia,coopernoble@isoternia.com,+1 (814) 485-2640,29,8/22/19,"August 22, 2019"
Bridgette Phillips,female,Comverges,bridgettephillips@comverges.com,+1 (888) 488-2656,35,8/23/19,"August 23, 2019"
Stefanie Mccarthy,female,Bugsall,stefaniemccarthy@bugsall.com,+1 (925) 597-2082,40,8/24/19,"August 24, 2019"
Vilma Watson,female,Neocent,vilmawatson@neocent.com,+1 (973) 597-3714,27,8/25/19,"August 25, 2019"
Workman Knowles,male,Medicroix,workmanknowles@medicroix.com,+1 (819) 565-2956,22,8/26/19,"August 26, 2019"
Tonya Sharpe,female,Applideck,tonyasharpe@applideck.com,+1 (844) 443-2753,38,8/27/19,"August 27, 2019"
William Shelton,male,Honotron,williamshelton@honotron.com,+1 (977) 553-3810,28,8/28/19,"August 28, 2019"
Reba Miles,female,Tetak,rebamiles@tetak.com,+1 (952) 449-3879,28,8/29/19,"August 29, 2019"
Christie Kerr,female,Aquamate,christiekerr@aquamate.com,+1 (820) 594-2951,33,8/30/19,"August 30, 2019"
Selma Guerrero,female,Apextri,selmaguerrero@apextri.com,+1 (809) 533-3543,30,8/31/19,"August 31, 2019"
Michele Vinson,female,Interfind,michelevinson@interfind.com,+1 (843) 549-2392,27,9/1/19,"September 1, 2019"
Hansen Palmer,male,Neptide,hansenpalmer@neptide.com,+1 (927) 497-2069,22,9/2/19,"September 2, 2019"
Sykes Woodward,male,Capscreen,sykeswoodward@capscreen.com,+1 (835) 592-3867,27,8/20/19,"August 20, 2019"
Bartlett Benjamin,male,Aquasseur,bartlettbenjamin@aquasseur.com,+1 (958) 419-2609,37,8/21/19,"August 21, 2019"
Morris Manning,male,Manufact,morrismanning@manufact.com,+1 (844) 577-2596,23,8/22/19,"August 22, 2019"
Avila Riggs,male,Vidto,avilariggs@vidto.com,+1 (898) 576-3105,37,8/23/19,"August 23, 2019"
Moon Tran,male,Proxsoft,moontran@proxsoft.com,+1 (828) 539-2341,40,8/24/19,"August 24, 2019"
Effie Cantrell,female,Megall,effiecantrell@megall.com,+1 (803) 515-3375,26,8/25/19,"August 25, 2019"
Atkinson Forbes,male,Vurbo,atkinsonforbes@vurbo.com,+1 (988) 585-3525,33,8/26/19,"August 26, 2019"
Whitfield Humphrey,male,Deminimum,whitfieldhumphrey@deminimum.com,+1 (908) 437-3139,24,8/27/19,"August 27, 2019"
Jocelyn Cobb,female,Cytrex,jocelyncobb@cytrex.com,+1 (963) 430-2757,40,8/28/19,"August 28, 2019"
Marci Emerson,female,Thredz,marciemerson@thredz.com,+1 (988) 560-2140,38,8/29/19,"August 29, 2019"